"Date","rented_bikes","temp_c","humidity_pct","wind_speed","snowfall_cm","season","holiday"
"1/1/18",4290,-1.28333333333333,39.3333333333333,1.45416666666667,0,"Winter","Holiday"
"1/10/18",27909,15.4375,54.25,2.825,0,"Autumn","No Holiday"
"1/11/18",22964,8.34583333333333,54.1666666666667,1.27083333333333,0,"Autumn","No Holiday"
"1/12/17",9539,-2.45416666666667,45.875,1.5375,0,"Winter","No Holiday"
"1/2/18",5377,-3.86666666666667,44,1.60833333333333,0.904166666666667,"Winter","No Holiday"
"1/3/18",5132,0.45,64.2083333333333,3.55416666666667,0,"Spring","Holiday"
"1/4/18",17388,15.1833333333333,68.9166666666667,1.57083333333333,0,"Spring","No Holiday"
"1/5/18",26820,20.3416666666667,72.7916666666667,1.4375,0,"Spring","Holiday"
"1/6/18",31928,23.7083333333333,50.125,1.95416666666667,0,"Summer","No Holiday"
"1/7/18",3231,22.025,93.4583333333333,0.783333333333333,0,"Summer","No Holiday"
"1/8/18",20712,33.4291666666667,55.7916666666667,1.68333333333333,0,"Summer","No Holiday"
"1/9/18",26010,25.4541666666667,61.2083333333333,1.20833333333333,0,"Autumn","No Holiday"
"10/1/18",4161,-7.03333333333333,54.2083333333333,2.93333333333333,0.425,"Winter","No Holiday"
"10/10/18",24410,12.8125,61.2916666666667,2.39166666666667,0,"Autumn","No Holiday"
"10/11/18",18473,12.1083333333333,69.2083333333333,1.30416666666667,0,"Autumn","No Holiday"
"10/12/17",3453,1.19166666666667,69.7083333333333,2.00416666666667,1.35416666666667,"Winter","No Holiday"
"10/2/18",4425,0.120833333333333,49.75,3.06666666666667,0,"Winter","No Holiday"
"10/3/18",11064,4.35416666666667,65.0416666666667,1.95,0,"Spring","No Holiday"
"10/4/18",16696,14.6541666666667,46.9583333333333,3.43333333333333,0,"Spring","No Holiday"
"10/5/18",0,15.4708333333333,65.8333333333333,2.25416666666667,0,"Spring","No Holiday"
"10/6/18",29342,21.3041666666667,60.125,1.37916666666667,0,"Summer","No Holiday"
"10/7/18",20641,23.3416666666667,87.1666666666667,0.6625,0,"Summer","No Holiday"
"10/8/18",23833,30.5791666666667,61.6666666666667,1.3125,0,"Summer","No Holiday"
"10/9/18",30781,22.9458333333333,50.0833333333333,1.5625,0,"Autumn","No Holiday"
"11/1/18",4017,-10.7666666666667,49.875,2.6375,0,"Winter","No Holiday"
"11/10/18",24526,9.68333333333333,50.25,2.20416666666667,0,"Autumn","No Holiday"
"11/11/18",13138,8.39583333333333,69.7083333333333,1.025,0,"Autumn","No Holiday"
"11/12/17",5848,-6.26666666666667,39.375,3.60833333333333,0,"Winter","No Holiday"
"11/2/18",2850,-5.9875,40.5416666666667,2.7,0,"Winter","No Holiday"
"11/3/18",11843,6.6125,53.3333333333333,1.94166666666667,0,"Spring","No Holiday"
"11/4/18",0,12.8666666666667,53.375,3.00833333333333,0,"Spring","No Holiday"
"11/5/18",26649,15.8125,63.5,1.7125,0,"Spring","No Holiday"
"11/6/18",24832,20.5583333333333,63.375,1.42083333333333,0,"Summer","No Holiday"
"11/7/18",24135,26.6208333333333,84,1.3125,0,"Summer","No Holiday"
"11/8/18",20009,31.0833333333333,55.0833333333333,1.60833333333333,0,"Summer","No Holiday"
"11/9/18",31694,21.5666666666667,47.9583333333333,1.475,0,"Autumn","No Holiday"
"12/1/18",4111,-10.6958333333333,36.1666666666667,1.76666666666667,0,"Winter","No Holiday"
"12/10/18",26237,10.8125,53.25,1.24166666666667,0,"Autumn","No Holiday"
"12/11/18",21003,8.03333333333333,53.375,1.19583333333333,0,"Autumn","No Holiday"
"12/12/17",5496,-9.46666666666667,42.7916666666667,2.03333333333333,0,"Winter","No Holiday"
"12/2/18",4813,-5.9875,39.7083333333333,2.775,0,"Winter","No Holiday"
"12/3/18",13339,7.7875,44.4583333333333,1.4,0,"Spring","No Holiday"
"12/4/18",22729,13.0291666666667,32.4166666666667,2.575,0,"Spring","No Holiday"
"12/5/18",3034,14.2208333333333,85.2083333333333,0.983333333333333,0,"Spring","No Holiday"
"12/6/18",34544,21.1791666666667,66.25,1.6625,0,"Summer","No Holiday"
"12/7/18",29428,26.775,81.4166666666667,1.5375,0,"Summer","No Holiday"
"12/8/18",17498,30.6916666666667,59.625,1.50416666666667,0,"Summer","No Holiday"
"12/9/18",31809,22.5291666666667,51.9166666666667,1.32083333333333,0,"Autumn","No Holiday"
"13/01/2018",3503,-4.55833333333333,63.7916666666667,0.845833333333333,0.0916666666666667,"Winter","No Holiday"
"13/02/2018",6267,-1.33333333333333,53.8333333333333,2.64166666666667,0,"Winter","No Holiday"
"13/03/2018",15963,11.65,59.25,1.725,0,"Spring","No Holiday"
"13/04/2018",23240,14.2916666666667,22.25,1.4,0,"Spring","No Holiday"
"13/05/2018",25913,15.95,83.625,1.80833333333333,0,"Spring","No Holiday"
"13/06/2018",36149,21.975,63.7083333333333,1.45833333333333,0,"Summer","No Holiday"
"13/07/2018",30088,27.1666666666667,75.8333333333333,1.85416666666667,0,"Summer","No Holiday"
"13/08/2018",22827,30.2708333333333,69.375,1.425,0,"Summer","No Holiday"
"13/09/2018",30991,23.4416666666667,62.2916666666667,1.225,0,"Autumn","No Holiday"
"13/10/2018",25542,12.3958333333333,55.6666666666667,1.04583333333333,0,"Autumn","No Holiday"
"13/11/2018",21992,8.7625,52.9583333333333,0.979166666666667,0,"Autumn","No Holiday"
"13/12/2017",6019,-8.61666666666667,41.1666666666667,1.7875,0,"Winter","No Holiday"
"14/01/2018",4225,0.0208333333333333,65.75,1.0625,0,"Winter","No Holiday"
"14/02/2018",6771,3.59583333333333,53.7916666666667,2.42916666666667,0,"Winter","No Holiday"
"14/03/2018",19180,16.775,60.0416666666667,2.2625,0,"Spring","No Holiday"
"14/04/2018",6980,9.5875,75.1666666666667,1.82916666666667,0,"Spring","No Holiday"
"14/05/2018",27793,17.7416666666667,72.4166666666667,1.39166666666667,0,"Spring","No Holiday"
"14/06/2018",23818,21.6541666666667,74.375,1.10833333333333,0,"Summer","No Holiday"
"14/07/2018",25814,27.9125,70.1666666666667,1.82916666666667,0,"Summer","No Holiday"
"14/08/2018",23836,31.5,58.7083333333333,1.39166666666667,0,"Summer","No Holiday"
"14/09/2018",28199,23.4625,67.2083333333333,1.30416666666667,0,"Autumn","No Holiday"
"14/10/2018",24349,12.9958333333333,58,1.375,0,"Autumn","No Holiday"
"14/11/2018",22707,9.69583333333333,55.625,1.12083333333333,0,"Autumn","No Holiday"
"14/12/2017",6398,-6.87083333333333,42.5416666666667,0.8875,0,"Winter","No Holiday"
"15/01/2018",6334,4.70833333333333,63.9166666666667,1.47916666666667,0,"Winter","No Holiday"
"15/02/2018",3484,-0.45,27.75,2.38333333333333,0,"Winter","Holiday"
"15/03/2018",6227,13,91.2916666666667,2.0125,0,"Spring","No Holiday"
"15/04/2018",10207,9.4125,67.7083333333333,2.3375,0,"Spring","No Holiday"
"15/05/2018",28478,22.6875,56.4583333333333,1.07916666666667,0,"Spring","No Holiday"
"15/06/2018",33492,21.8583333333333,60.75,1.40416666666667,0,"Summer","No Holiday"
"15/07/2018",22790,28.2666666666667,69.9166666666667,1.63333333333333,0,"Summer","No Holiday"
"15/08/2018",18565,31.55,59.75,1.11666666666667,0,"Summer","Holiday"
"15/09/2018",25079,23.2125,75.875,0.991666666666667,0,"Autumn","No Holiday"
"15/10/2018",26198,15.0916666666667,70.4166666666667,1.32083333333333,0,"Autumn","No Holiday"
"15/11/2018",21502,9.57916666666667,55.7083333333333,1.02083333333333,0,"Autumn","No Holiday"
"15/12/2017",7198,-3.27916666666667,50.4583333333333,0.983333333333333,0,"Winter","No Holiday"
"16/01/2018",6705,3.27916666666667,59.4583333333333,0.758333333333333,0,"Winter","No Holiday"
"16/02/2018",2593,-1.0875,40.5,2.09166666666667,0,"Winter","Holiday"
"16/03/2018",15277,7.35416666666667,50.0416666666667,1.9,0,"Spring","No Holiday"
"16/04/2018",23198,11.4291666666667,43.875,1.6,0,"Spring","No Holiday"
"16/05/2018",6416,22.4208333333333,90.6666666666667,1.8,0,"Spring","No Holiday"
"16/06/2018",34360,22.3,54.125,1.475,0,"Summer","No Holiday"
"16/07/2018",26823,28.725,64.3333333333333,1.71666666666667,0,"Summer","No Holiday"
"16/08/2018",25329,30.1541666666667,53.1666666666667,1.62916666666667,0,"Summer","No Holiday"
"16/09/2018",14178,22.3416666666667,82.9166666666667,1.74583333333333,0,"Autumn","No Holiday"
"16/10/2018",26956,14.475,55.625,1.2,0,"Autumn","No Holiday"
"16/11/2018",20660,9.00833333333333,63.3333333333333,1.675,0,"Autumn","No Holiday"
"16/12/2017",4632,-5.2875,46.3333333333333,2.95416666666667,0,"Winter","No Holiday"
"17/01/2018",6292,4.55,63.4166666666667,1.22916666666667,0,"Winter","No Holiday"
"17/02/2018",3118,-2.89166666666667,26.875,2.72083333333333,0,"Winter","Holiday"
"17/03/2018",15389,6.38333333333333,47.9166666666667,1.59583333333333,0,"Spring","No Holiday"
"17/04/2018",22234,12.8083333333333,36.9166666666667,1.8125,0,"Spring","No Holiday"
"17/05/2018",3521,21.1375,95.875,1.16666666666667,0,"Spring","No Holiday"
"17/06/2018",32487,22.7333333333333,67.125,1.425,0,"Summer","No Holiday"
"17/07/2018",28435,28.0833333333333,65.4166666666667,1.74583333333333,0,"Summer","No Holiday"
"17/08/2018",28820,27.0833333333333,39.8333333333333,1.80416666666667,0,"Summer","No Holiday"
"17/09/2018",30290,22.3291666666667,64.6666666666667,2.01666666666667,0,"Autumn","No Holiday"
"17/10/2018",26502,12.7833333333333,53.0416666666667,1.22083333333333,0,"Autumn","No Holiday"
"17/11/2018",15689,4.98333333333333,53.3333333333333,1.4625,0,"Autumn","No Holiday"
"17/12/2017",3776,-7.0125,37.625,1.90416666666667,0,"Winter","No Holiday"
"18/01/2018",6383,2.31666666666667,62.5416666666667,1.875,0,"Winter","No Holiday"
"18/02/2018",4562,-0.679166666666667,26.5,1.2875,0,"Winter","No Holiday"
"18/03/2018",9609,8.06666666666667,53.8333333333333,1.17083333333333,0,"Spring","No Holiday"
"18/04/2018",21670,12.3791666666667,35.4166666666667,1.94166666666667,0,"Spring","No Holiday"
"18/05/2018",16087,16.8958333333333,89.2083333333333,1.30416666666667,0,"Spring","No Holiday"
"18/06/2018",27541,24.8,55.875,1.53333333333333,0,"Summer","No Holiday"
"18/07/2018",27896,28.2333333333333,65.2083333333333,1.4,0,"Summer","No Holiday"
"18/08/2018",26398,26.5458333333333,44.5416666666667,1.40416666666667,0,"Summer","No Holiday"
"18/09/2018",0,21.85,59.6666666666667,1.32916666666667,0,"Autumn","No Holiday"
"18/10/2018",26504,12.5958333333333,59.6666666666667,1.125,0,"Autumn","No Holiday"
"18/11/2018",14319,5.875,47.0833333333333,1.14583333333333,0,"Autumn","No Holiday"
"18/12/2017",2620,-1.97083333333333,77,1.18333333333333,2.4875,"Winter","No Holiday"
"19/01/2018",7472,1.05416666666667,40.875,1.65416666666667,0,"Winter","No Holiday"
"19/02/2018",7604,1.72916666666667,46.5,1.5,0,"Winter","No Holiday"
"19/03/2018",8968,8.02083333333333,68.75,2.37916666666667,0,"Spring","No Holiday"
"19/04/2018",17730,13.7875,37.5416666666667,1.925,0,"Spring","No Holiday"
"19/05/2018",30994,17.2666666666667,47.0833333333333,1.5375,0,"Spring","No Holiday"
"19/06/2018",35349,22.5916666666667,61.1666666666667,1.75416666666667,0,"Summer","No Holiday"
"19/07/2018",27820,28.5583333333333,64.25,1.72083333333333,0,"Summer","No Holiday"
"19/08/2018",24547,27.8625,50.5833333333333,1.225,0,"Summer","No Holiday"
"19/09/2018",0,22.2041666666667,59.75,0.95,0,"Autumn","No Holiday"
"19/10/2018",27437,13.0958333333333,54.4166666666667,1.4875,0,"Autumn","No Holiday"
"19/11/2018",18956,6.70416666666667,53.2916666666667,1.375,0,"Autumn","No Holiday"
"19/12/2017",4334,-3.53333333333333,50.2083333333333,2.17083333333333,2.31666666666667,"Winter","No Holiday"
"2/1/18",6446,-1.49166666666667,43.7083333333333,1.76666666666667,0,"Winter","No Holiday"
"2/10/18",0,15.7833333333333,60.7916666666667,1.62916666666667,0,"Autumn","No Holiday"
"2/11/18",24077,10.5041666666667,54.125,1.12916666666667,0,"Autumn","No Holiday"
"2/12/17",8523,1.325,61.9583333333333,1.7125,0,"Winter","No Holiday"
"2/2/18",5954,-2.64583333333333,48.7083333333333,1.64166666666667,0,"Winter","No Holiday"
"2/3/18",8433,-1.14583333333333,36.375,1.64166666666667,0,"Spring","No Holiday"
"2/4/18",21585,18.2166666666667,65.5416666666667,2.00416666666667,0,"Spring","No Holiday"
"2/5/18",7448,16.0708333333333,88.9583333333333,1.85833333333333,0,"Spring","No Holiday"
"2/6/18",30693,23.5125,43.875,1.94166666666667,0,"Summer","No Holiday"
"2/7/18",5240,22.4375,95.4166666666667,0.795833333333333,0,"Summer","No Holiday"
"2/8/18",20693,33.7416666666667,53.4166666666667,1.5375,0,"Summer","No Holiday"
"2/9/18",26881,24.9875,54.5416666666667,1.50416666666667,0,"Autumn","No Holiday"
"20/01/2018",5576,2.2625,58.4583333333333,1.56666666666667,0,"Winter","No Holiday"
"20/02/2018",7955,1.09583333333333,44.9166666666667,2.45416666666667,0,"Winter","No Holiday"
"20/03/2018",11515,5.04166666666667,40.5833333333333,3.45833333333333,0,"Spring","No Holiday"
"20/04/2018",22593,18.0625,45.7916666666667,1.32083333333333,0,"Spring","No Holiday"
"20/05/2018",27829,17.0625,33.8333333333333,1.3875,0,"Spring","No Holiday"
"20/06/2018",34639,22.6958333333333,67.25,2.4875,0,"Summer","No Holiday"
"20/07/2018",26699,29.4041666666667,63.4166666666667,1.42916666666667,0,"Summer","No Holiday"
"20/08/2018",26827,28.9541666666667,55.7916666666667,1.975,0,"Summer","No Holiday"
"20/09/2018",14282,19.05,80.2083333333333,1.74166666666667,0,"Autumn","No Holiday"
"20/10/2018",25355,13.4083333333333,53.625,1.075,0,"Autumn","No Holiday"
"20/11/2018",19127,6.23333333333333,36.4583333333333,1.8625,0,"Autumn","No Holiday"
"20/12/2017",4568,-4.29166666666667,65.5,1.1125,2.0125,"Winter","No Holiday"
"21/01/2018",4973,0.391666666666667,37.5833333333333,1.13333333333333,0,"Winter","No Holiday"
"21/02/2018",7491,-0.916666666666667,30,2.3375,0,"Winter","No Holiday"
"21/03/2018",7384,2.12916666666667,59.625,1.75,0,"Spring","No Holiday"
"21/04/2018",24404,18.6625,35.3333333333333,1.82916666666667,0,"Spring","No Holiday"
"21/05/2018",31236,17.6875,31.4583333333333,1.4375,0,"Spring","No Holiday"
"21/06/2018",34621,23.6416666666667,60.9583333333333,2.15416666666667,0,"Summer","No Holiday"
"21/07/2018",21283,30.5291666666667,55.25,1.47083333333333,0,"Summer","No Holiday"
"21/08/2018",25133,26.775,70.1666666666667,2.75833333333333,0,"Summer","No Holiday"
"21/09/2018",18266,19.3666666666667,85.5416666666667,1.33333333333333,0,"Autumn","No Holiday"
"21/10/2018",23906,13.3666666666667,50.0833333333333,1.10833333333333,0,"Autumn","No Holiday"
"21/11/2018",15732,6.24583333333333,60.75,1.075,0,"Autumn","No Holiday"
"21/12/2017",5734,-0.845833333333333,73.0833333333333,1.21666666666667,1.62083333333333,"Winter","No Holiday"
"22/01/2018",4503,0.441666666666667,53.2083333333333,1.40833333333333,0.258333333333333,"Winter","No Holiday"
"22/02/2018",7712,0.991666666666667,56,2.07083333333333,0,"Winter","No Holiday"
"22/03/2018",14007,4.85,62.25,2.22916666666667,0,"Spring","No Holiday"
"22/04/2018",6852,16.0333333333333,52.5416666666667,1.06666666666667,0,"Spring","No Holiday"
"22/05/2018",13790,18.1958333333333,60.4583333333333,1.05416666666667,0,"Spring","Holiday"
"22/06/2018",34079,24.6875,47.9166666666667,1.72916666666667,0,"Summer","No Holiday"
"22/07/2018",18563,31.55,50.9166666666667,1.39583333333333,0,"Summer","No Holiday"
"22/08/2018",26072,30.2166666666667,56.75,1.14583333333333,0,"Summer","No Holiday"
"22/09/2018",26398,21.0083333333333,63.4166666666667,1.73333333333333,0,"Autumn","No Holiday"
"22/10/2018",26075,13.9875,49.5416666666667,0.941666666666667,0,"Autumn","No Holiday"
"22/11/2018",16496,2.64583333333333,35.375,2.325,0,"Autumn","No Holiday"
"22/12/2017",7184,2.75833333333333,67.0833333333333,1,0.320833333333333,"Winter","Holiday"
"23/01/2018",3981,-10.9166666666667,44.5416666666667,3.675,0.970833333333333,"Winter","No Holiday"
"23/02/2018",5797,3.95,80.9166666666667,1.91666666666667,1.8625,"Winter","No Holiday"
"23/03/2018",14969,6.075,57.2083333333333,1.9375,0,"Spring","No Holiday"
"23/04/2018",977,9.425,93.7916666666667,2.20833333333333,0,"Spring","No Holiday"
"23/05/2018",27674,17.4541666666667,62,2.7,0,"Spring","No Holiday"
"23/06/2018",31949,24.5708333333333,47.5833333333333,1.94166666666667,0,"Summer","No Holiday"
"23/07/2018",24890,31.6166666666667,52.8333333333333,1.89166666666667,0,"Summer","No Holiday"
"23/08/2018",15958,29.6,58.25,1.6625,0,"Summer","No Holiday"
"23/09/2018",20060,19.4125,54.8333333333333,1.59583333333333,0,"Autumn","Holiday"
"23/10/2018",21601,12.4958333333333,71.625,1.25833333333333,0,"Autumn","No Holiday"
"23/11/2018",16314,1.68333333333333,30.5833333333333,1.49166666666667,0,"Autumn","No Holiday"
"23/12/2017",6624,6.12916666666667,75.5833333333333,1.15833333333333,0,"Winter","No Holiday"
"24/01/2018",3154,-14.0833333333333,30.7916666666667,3.39583333333333,0.820833333333333,"Winter","No Holiday"
"24/02/2018",6356,2.7625,52.6666666666667,2.3125,0,"Winter","No Holiday"
"24/03/2018",12243,7.47916666666667,59.7083333333333,2.20416666666667,0,"Spring","No Holiday"
"24/04/2018",20144,12.1958333333333,65.2083333333333,1.4125,0,"Spring","No Holiday"
"24/05/2018",28781,17.9583333333333,47.0833333333333,2.25833333333333,0,"Spring","No Holiday"
"24/06/2018",27028,25.1458333333333,62.125,1.90416666666667,0,"Summer","No Holiday"
"24/07/2018",24635,31.4333333333333,58.5,1.525,0,"Summer","No Holiday"
"24/08/2018",11658,24.6333333333333,84.5833333333333,2.42916666666667,0,"Summer","No Holiday"
"24/09/2018",17259,17.8208333333333,47.4583333333333,2.15416666666667,0,"Autumn","Holiday"
"24/10/2018",26418,12.575,67.0416666666667,1.27083333333333,0,"Autumn","No Holiday"
"24/11/2018",6477,2.4,69.9166666666667,1.75416666666667,3.27916666666667,"Autumn","No Holiday"
"24/12/2017",2014,3.45833333333333,82.7916666666667,1.825,0,"Winter","Holiday"
"25/01/2018",3113,-14.0041666666667,33.4166666666667,2.87083333333333,0.591666666666667,"Winter","No Holiday"
"25/02/2018",6500,1.91666666666667,39.2916666666667,1.79583333333333,0,"Winter","No Holiday"
"25/03/2018",10963,9.625,65.8333333333333,1.7625,0,"Spring","No Holiday"
"25/04/2018",26285,14.2458333333333,38.7916666666667,1.47083333333333,0,"Spring","No Holiday"
"25/05/2018",29057,19.7541666666667,47.2916666666667,1.7625,0,"Spring","No Holiday"
"25/06/2018",32702,26.7208333333333,58.4583333333333,1.14583333333333,0,"Summer","No Holiday"
"25/07/2018",25918,30.2916666666667,65.1666666666667,2.45416666666667,0,"Summer","No Holiday"
"25/08/2018",27302,25.2166666666667,68.7916666666667,2.55416666666667,0,"Summer","No Holiday"
"25/09/2018",23350,17.4916666666667,48.75,1.1,0,"Autumn","Holiday"
"25/10/2018",27258,13.575,57.7916666666667,0.933333333333333,0,"Autumn","No Holiday"
"25/11/2018",11212,4.8625,76.9583333333333,0.966666666666667,1.725,"Autumn","No Holiday"
"25/12/2017",3966,-2.09166666666667,43.375,2.7,0,"Winter","Holiday"
"26/01/2018",2931,-14.7375,33.9166666666667,2.51666666666667,0.429166666666667,"Winter","No Holiday"
"26/02/2018",9247,2.725,45.9583333333333,1.36666666666667,0,"Winter","No Holiday"
"26/03/2018",13084,10.8,65.5,1.99166666666667,0,"Spring","No Holiday"
"26/04/2018",25670,15.0875,50.0833333333333,1.87083333333333,0,"Spring","No Holiday"
"26/05/2018",28079,21.4791666666667,50.25,1.41666666666667,0,"Spring","No Holiday"
"26/06/2018",5200,22.9041666666667,84.125,2.225,0,"Summer","No Holiday"
"26/07/2018",24915,29.9958333333333,68.9166666666667,1.4375,0,"Summer","No Holiday"
"26/08/2018",19310,23.3083333333333,70.1666666666667,1.3,0,"Summer","No Holiday"
"26/09/2018",28018,19.425,47.625,1.7375,0,"Autumn","No Holiday"
"26/10/2018",13377,12.5166666666667,72.6666666666667,1.66666666666667,0,"Autumn","No Holiday"
"26/11/2018",17162,6.32083333333333,70.5,1.02916666666667,0.120833333333333,"Autumn","No Holiday"
"26/12/2017",5605,-3.26666666666667,43.5833333333333,2.8625,0,"Winter","No Holiday"
"27/01/2018",2693,-10.4291666666667,38.2916666666667,1.53333333333333,0.183333333333333,"Winter","No Holiday"
"27/02/2018",8862,4.00833333333333,47,0.9,0,"Winter","No Holiday"
"27/03/2018",14710,13.0833333333333,60.25,1.6,0,"Spring","No Holiday"
"27/04/2018",25861,15.575,51.7083333333333,1.70416666666667,0,"Spring","No Holiday"
"27/05/2018",28991,20.5875,42.125,1.925,0,"Spring","No Holiday"
"27/06/2018",29755,22.1875,83,1.9625,0,"Summer","No Holiday"
"27/07/2018",23275,30.7625,69.4583333333333,1.7125,0,"Summer","No Holiday"
"27/08/2018",14435,22.425,91,0.8625,0,"Summer","No Holiday"
"27/09/2018",30789,18.7916666666667,47.125,1.2375,0,"Autumn","No Holiday"
"27/10/2018",18398,8.90833333333333,50.0416666666667,3.37083333333333,0,"Autumn","No Holiday"
"27/11/2018",16282,7.06666666666667,68,1.35,0,"Autumn","No Holiday"
"27/12/2017",5351,-6.99583333333333,31.125,1.95416666666667,0,"Winter","No Holiday"
"28/01/2018",2828,-6.03333333333333,34.7083333333333,2.625,0,"Winter","No Holiday"
"28/02/2018",3820,4.85,70.0833333333333,2.10416666666667,0,"Winter","No Holiday"
"28/03/2018",17295,13.9666666666667,65.7083333333333,2.1875,0,"Spring","No Holiday"
"28/04/2018",24940,15.5083333333333,50.5,2.025,0,"Spring","No Holiday"
"28/05/2018",31020,21.9708333333333,40,1.54583333333333,0,"Spring","No Holiday"
"28/06/2018",21647,23.3875,83.4583333333333,1.16666666666667,0,"Summer","No Holiday"
"28/07/2018",16880,29.8208333333333,76.2916666666667,1.24166666666667,0,"Summer","No Holiday"
"28/08/2018",9092,23.8166666666667,91.875,0.9875,0,"Summer","No Holiday"
"28/09/2018",0,17.525,57.2916666666667,1.29583333333333,0,"Autumn","No Holiday"
"28/10/2018",11589,8.4125,75.1666666666667,1.42916666666667,0,"Autumn","No Holiday"
"28/11/2018",16524,5.30416666666667,25.7916666666667,1.69583333333333,0,"Autumn","No Holiday"
"28/12/2017",6594,-2.57916666666667,45.0416666666667,1.35416666666667,0,"Winter","No Holiday"
"29/01/2018",4088,-8.525,36.25,2.72083333333333,0,"Winter","No Holiday"
"29/03/2018",17450,15.5458333333333,66.7916666666667,1.69583333333333,0,"Spring","No Holiday"
"29/04/2018",25349,15.8708333333333,43.125,1.9,0,"Spring","No Holiday"
"29/05/2018",24355,21.5375,66.4166666666667,1.87083333333333,0,"Spring","No Holiday"
"29/06/2018",30297,24.6625,79.25,1.475,0,"Summer","No Holiday"
"29/07/2018",18190,31.225,53.6666666666667,1.24583333333333,0,"Summer","No Holiday"
"29/08/2018",9184,25.0125,86.5833333333333,2.43333333333333,0,"Summer","No Holiday"
"29/09/2018",31447,20.075,55.4166666666667,1.025,0,"Autumn","No Holiday"
"29/10/2018",19877,7.39583333333333,59.25,2.11666666666667,0,"Autumn","No Holiday"
"29/11/2018",16423,3.30416666666667,38,1.2125,0,"Autumn","No Holiday"
"29/12/2017",7663,2.19583333333333,65,1.175,0,"Winter","No Holiday"
"3/1/18",6512,-4.47916666666667,41.1666666666667,2.125,0,"Winter","No Holiday"
"3/10/18",30349,17.2416666666667,59.125,1.2,0,"Autumn","Holiday"
"3/11/18",0,11.2583333333333,56.4583333333333,1.2375,0,"Autumn","No Holiday"
"3/12/17",7222,4.875,81.5416666666667,1.6125,0,"Winter","No Holiday"
"3/2/18",3290,-6.61666666666667,48.9166666666667,3.79583333333333,0.0916666666666667,"Winter","No Holiday"
"3/3/18",12191,7.17916666666667,33.5416666666667,1.59583333333333,0,"Spring","No Holiday"
"3/4/18",21015,17.9583333333333,70.2916666666667,2.1125,0,"Spring","No Holiday"
"3/5/18",21027,11.0166666666667,64.9583333333333,2.78333333333333,0,"Spring","No Holiday"
"3/6/18",29761,23.7125,41.1666666666667,1.69166666666667,0,"Summer","No Holiday"
"3/7/18",29293,27.1166666666667,75.5,0.783333333333333,0,"Summer","No Holiday"
"3/8/18",20794,33.2125,56.125,1.79166666666667,0,"Summer","No Holiday"
"3/9/18",10802,23.6041666666667,82.25,1.0625,0,"Autumn","No Holiday"
"30/01/2018",3360,-5.9125,58.6666666666667,1.25416666666667,0.808333333333333,"Winter","No Holiday"
"30/03/2018",19301,14.6708333333333,55.0416666666667,1.77916666666667,0,"Spring","No Holiday"
"30/04/2018",25462,18.8333333333333,60.375,1.5875,0,"Spring","No Holiday"
"30/05/2018",30372,20.5375,69.75,1.775,0,"Spring","No Holiday"
"30/06/2018",20479,24.35,83.0833333333333,0.9125,0,"Summer","No Holiday"
"30/07/2018",23695,31.5625,50.3333333333333,1.22916666666667,0,"Summer","No Holiday"
"30/08/2018",20959,25.45,81.7083333333333,1.8375,0,"Summer","No Holiday"
"30/09/2018",0,17.9166666666667,53.7916666666667,2.025,0,"Autumn","No Holiday"
"30/10/2018",20822,5.89166666666667,49.8333333333333,1.53333333333333,0,"Autumn","No Holiday"
"30/11/2018",16297,2.7625,47.2083333333333,1.43333333333333,0,"Autumn","No Holiday"
"30/12/2017",4027,1.3125,77.75,0.9375,0,"Winter","No Holiday"
"31/01/2018",3830,-2.1875,57.1666666666667,1.7125,2.7,"Winter","No Holiday"
"31/03/2018",19247,13.9416666666667,54.0416666666667,1.89583333333333,0,"Spring","No Holiday"
"31/05/2018",31681,20.525,61.2083333333333,1.94166666666667,0,"Spring","No Holiday"
"31/07/2018",22897,32.525,49.625,1.38333333333333,0,"Summer","No Holiday"
"31/08/2018",27817,25.5583333333333,67.1666666666667,1.6,0,"Summer","No Holiday"
"31/10/2018",21545,7.52916666666667,55,1.66666666666667,0,"Autumn","No Holiday"
"31/12/2017",3423,0.0875,59.0833333333333,2.32083333333333,0.595833333333333,"Winter","Holiday"
"4/1/18",6453,-4.8,44.125,1.375,0,"Winter","No Holiday"
"4/10/18",0,18.8958333333333,56.8333333333333,1.2875,0,"Autumn","No Holiday"
"4/11/18",20471,11.6666666666667,54.75,1.38333333333333,0,"Autumn","No Holiday"
"4/12/17",8729,-0.304166666666667,52.5,3.45,0,"Winter","No Holiday"
"4/2/18",2487,-9.52083333333333,41,3.0625,0,"Winter","No Holiday"
"4/3/18",4688,9.83333333333333,89,1.22916666666667,0,"Spring","No Holiday"
"4/4/18",19995,13.7375,70.0833333333333,1.825,0,"Spring","No Holiday"
"4/5/18",26670,13.8375,46.8333333333333,2.6875,0,"Spring","No Holiday"
"4/6/18",33257,22.8833333333333,47.6666666666667,1.75833333333333,0,"Summer","No Holiday"
"4/7/18",31781,27.4625,69.3333333333333,1.65833333333333,0,"Summer","No Holiday"
"4/8/18",18363,31.1958333333333,59.0416666666667,2.45416666666667,0,"Summer","No Holiday"
"4/9/18",29529,23.2541666666667,71.625,2.16666666666667,0,"Autumn","No Holiday"
"5/1/18",6967,-2.9125,48.5416666666667,1.65833333333333,0,"Winter","No Holiday"
"5/10/18",4522,17.0958333333333,81.3333333333333,1.77083333333333,0,"Autumn","No Holiday"
"5/11/18",23472,11.8625,66.875,1.0625,0,"Autumn","No Holiday"
"5/12/17",8307,-4.45833333333333,36.4166666666667,1.10833333333333,0,"Winter","No Holiday"
"5/2/18",3932,-9.4,37.9583333333333,3.06666666666667,0,"Winter","No Holiday"
"5/3/18",8597,6.0375,68.5833333333333,1.91666666666667,0,"Spring","No Holiday"
"5/4/18",2596,7.79583333333333,87.3333333333333,1.9875,0,"Spring","No Holiday"
"5/5/18",25353,17.7291666666667,46.7916666666667,2.725,0,"Spring","No Holiday"
"5/6/18",33424,23.5666666666667,52.2083333333333,1.72916666666667,0,"Summer","No Holiday"
"5/7/18",28182,25.3916666666667,74.7083333333333,1.19583333333333,0,"Summer","No Holiday"
"5/8/18",17415,29.8333333333333,73.2083333333333,2.65416666666667,0,"Summer","No Holiday"
"5/9/18",31114,23.8375,61.7916666666667,2.50416666666667,0,"Autumn","No Holiday"
"6/1/18",5180,-2.75416666666667,45.6666666666667,1.47916666666667,0,"Winter","No Holiday"
"6/10/18",16037,18.0208333333333,84.1666666666667,2.19166666666667,0,"Autumn","No Holiday"
"6/11/18",0,12.1375,69.7916666666667,0.908333333333333,0,"Autumn","No Holiday"
"6/12/17",6669,0.0458333333333333,70.7916666666667,0.695833333333333,0.358333333333333,"Winter","No Holiday"
"6/2/18",3988,-10.0083333333333,35.5416666666667,3.17916666666667,0,"Winter","No Holiday"
"6/3/18",12003,4.2875,49.4583333333333,1.54583333333333,0,"Spring","No Holiday"
"6/4/18",11520,6.30416666666667,74.0416666666667,3.0375,0,"Spring","No Holiday"
"6/5/18",14556,16.9166666666667,84.0416666666667,1.1,0,"Spring","No Holiday"
"6/6/18",30498,23.0916666666667,60.375,2.0875,0,"Summer","Holiday"
"6/7/18",33676,24.0625,58.4166666666667,1.85,0,"Summer","No Holiday"
"6/8/18",19171,30.725,71.7083333333333,1.60416666666667,0,"Summer","No Holiday"
"6/9/18",27838,24.25,70.7916666666667,1.89583333333333,0,"Autumn","No Holiday"
"7/1/18",4714,-1.20833333333333,43.0833333333333,0.8125,0,"Winter","No Holiday"
"7/10/18",27614,16.7625,58.125,1.70833333333333,0,"Autumn","No Holiday"
"7/11/18",16525,12.7791666666667,80.1666666666667,1.125,0,"Autumn","No Holiday"
"7/12/17",8549,1.09166666666667,67.5416666666667,1.69166666666667,0.433333333333333,"Winter","No Holiday"
"7/2/18",4697,-8.325,40,1.61666666666667,0,"Winter","No Holiday"
"7/3/18",11170,6.19166666666667,50.6666666666667,1.71666666666667,0,"Spring","No Holiday"
"7/4/18",11159,4.20833333333333,46,4,0,"Spring","No Holiday"
"7/5/18",28140,18.9916666666667,62.7083333333333,1.20416666666667,0,"Spring","No Holiday"
"7/6/18",32002,22.2958333333333,69.2916666666667,1.94166666666667,0,"Summer","No Holiday"
"7/7/18",31076,23.7625,51.75,1.575,0,"Summer","No Holiday"
"7/8/18",23806,30.5166666666667,62.4583333333333,1.425,0,"Summer","No Holiday"
"7/9/18",30381,22.1583333333333,56.875,2.47916666666667,0,"Autumn","No Holiday"
"8/1/18",5711,1.42083333333333,49.3333333333333,1.75,0.1875,"Winter","No Holiday"
"8/10/18",29362,14.7208333333333,46.4583333333333,1.1125,0,"Autumn","No Holiday"
"8/11/18",1721,11.7125,91.5416666666667,1.88333333333333,0,"Autumn","No Holiday"
"8/12/17",8032,-3.825,41.75,1.85,0,"Winter","No Holiday"
"8/2/18",5613,-4.5875,44.75,1.2,0,"Winter","No Holiday"
"8/3/18",7711,4.72916666666667,77.7916666666667,2.03333333333333,0,"Spring","No Holiday"
"8/4/18",6666,3.8125,56.9583333333333,1.73333333333333,0,"Spring","No Holiday"
"8/5/18",26429,17.7583333333333,52.0833333333333,1.70416666666667,0,"Spring","No Holiday"
"8/6/18",35103,21.7416666666667,68.4583333333333,2.0625,0,"Summer","No Holiday"
"8/7/18",30080,23.0041666666667,50.5833333333333,1.52083333333333,0,"Summer","No Holiday"
"8/8/18",23880,30.9208333333333,65.7916666666667,1.93333333333333,0,"Summer","No Holiday"
"8/9/18",29813,21.6916666666667,48.6666666666667,1.66666666666667,0,"Autumn","No Holiday"
"9/1/18",5500,-3.87083333333333,58.5833333333333,2.975,0.45,"Winter","No Holiday"
"9/10/18",0,15,52.625,1.1375,0,"Autumn","Holiday"
"9/11/18",0,12.0291666666667,70.75,3.05416666666667,0,"Autumn","No Holiday"
"9/12/17",7233,-0.845833333333333,46,1.07916666666667,0,"Winter","No Holiday"
"9/2/18",6268,-0.0541666666666667,42.4583333333333,1.09583333333333,0,"Winter","No Holiday"
"9/3/18",11642,4.60416666666667,62.0416666666667,1.5125,0,"Spring","No Holiday"
"9/4/18",19082,7.47916666666667,60.2916666666667,1.05,0,"Spring","No Holiday"
"9/5/18",28895,15.4583333333333,50.0416666666667,1.69583333333333,0,"Spring","No Holiday"
"9/6/18",25911,23.6833333333333,61.2916666666667,1.38333333333333,0,"Summer","No Holiday"
"9/7/18",6191,21.0208333333333,79.625,1.0875,0,"Summer","No Holiday"
"9/8/18",21644,28.9666666666667,76.1666666666667,1.6625,0,"Summer","No Holiday"
"9/9/18",28354,21.9583333333333,49.4583333333333,1.23333333333333,0,"Autumn","No Holiday"
